{
    "loss": [
        0.20670105516910553,
        0.06976518034934998,
        0.057697273790836334,
        0.050803594291210175,
        0.04503956064581871,
        0.04265604168176651,
        0.036941736936569214,
        0.03718279302120209,
        0.03370976448059082,
        0.02920461818575859,
        0.029265202581882477,
        0.030378201976418495,
        0.02961384877562523,
        0.03028605505824089,
        0.02385542169213295,
        0.024685215204954147,
        0.021319812163710594,
        0.02020084671676159,
        0.03007637709379196,
        0.025317257270216942,
        0.02963888831436634,
        0.02246343344449997,
        0.02306510880589485,
        0.021766740828752518,
        0.019623341038823128,
        0.017631225287914276,
        0.018152432516217232,
        0.017071468755602837,
        0.019563155248761177,
        0.020479688420891762,
        0.018936054781079292,
        0.019368819892406464,
        0.019696293398737907,
        0.045975204557180405,
        0.040249139070510864,
        0.027371978387236595
    ],
    "binary_accuracy": [
        0.9657725691795349,
        0.977016031742096,
        0.9806175231933594,
        0.982553243637085,
        0.9843644499778748,
        0.9847373366355896,
        0.986402153968811,
        0.986366331577301,
        0.9876099228858948,
        0.9887807965278625,
        0.9887102842330933,
        0.9887675642967224,
        0.9886948466300964,
        0.9886289834976196,
        0.9907891154289246,
        0.9906077980995178,
        0.9916173815727234,
        0.9921357035636902,
        0.9887378811836243,
        0.990386962890625,
        0.9890322089195251,
        0.9912244081497192,
        0.9910013675689697,
        0.9915482997894287,
        0.9924781918525696,
        0.9929987788200378,
        0.9927554726600647,
        0.9932326078414917,
        0.9923180341720581,
        0.9919607639312744,
        0.9926664233207703,
        0.9923140406608582,
        0.9923308491706848,
        0.984025776386261,
        0.9851555824279785,
        0.9897711277008057
    ],
    "val_loss": [
        0.09459509700536728,
        0.09471305459737778,
        0.0921495333313942,
        0.09259971976280212,
        0.07240678369998932,
        0.06907576322555542,
        0.061794959008693695,
        0.08897612988948822,
        0.0539434440433979,
        0.061783261597156525,
        0.045381344854831696,
        0.0573761910200119,
        0.11903218179941177,
        0.04568278416991234,
        0.04363216459751129,
        0.051614344120025635,
        0.04370257630944252,
        0.04302840307354927,
        0.060982633382081985,
        0.05845923721790314,
        0.056475456804037094,
        0.05630506947636604,
        0.051009904593229294,
        0.06993218511343002,
        0.06234485283493996,
        0.0357884056866169,
        0.05089894309639931,
        0.05053481459617615,
        0.08123436570167542,
        0.043384190648794174,
        0.04206712171435356,
        0.053331535309553146,
        0.039778757840394974,
        0.11102280020713806,
        0.04884446784853935,
        0.09761067479848862
    ],
    "val_binary_accuracy": [
        0.9760230779647827,
        0.9759658575057983,
        0.977407693862915,
        0.9784212708473206,
        0.9807051420211792,
        0.9812126755714417,
        0.981478750705719,
        0.9812325835227966,
        0.9807952046394348,
        0.9818958640098572,
        0.9823518395423889,
        0.9830803871154785,
        0.9798150658607483,
        0.9827706217765808,
        0.9849717617034912,
        0.9849004745483398,
        0.9867746233940125,
        0.9849575161933899,
        0.9806446433067322,
        0.9831599593162537,
        0.983692467212677,
        0.9816073179244995,
        0.9840730428695679,
        0.9853367805480957,
        0.9847919344902039,
        0.9876807928085327,
        0.9873073697090149,
        0.9867251515388489,
        0.9857725501060486,
        0.9848494529724121,
        0.9871100783348083,
        0.983868420124054,
        0.9866938591003418,
        0.9746766090393066,
        0.9833997488021851,
        0.977533221244812
    ]
}