{
    "loss": [
        3.9764585494995117,
        0.11666852235794067,
        0.09386496990919113,
        0.08218810707330704,
        0.07994857430458069,
        0.07799655199050903,
        0.0758252963423729,
        0.07216041535139084,
        0.06959937512874603,
        0.08215853571891785,
        0.07167721539735794,
        0.06883805990219116,
        0.06585652381181717,
        0.06576663255691528,
        0.06442223489284515,
        0.06597625464200974,
        0.0685960203409195,
        0.06251145154237747,
        0.06410357356071472,
        0.058989256620407104,
        0.060452573001384735,
        0.054546717554330826,
        0.05231527239084244,
        0.050364166498184204,
        0.048614002764225006,
        0.046756561845541,
        0.042105577886104584,
        0.039423685520887375,
        0.03445462882518768,
        0.03549325838685036,
        0.03090633824467659,
        0.028284020721912384,
        0.027995608747005463,
        0.027450870722532272,
        0.0343811996281147,
        0.04001045227050781,
        0.027960242703557014,
        0.023721497505903244,
        0.02157021500170231,
        0.020976081490516663,
        0.019373150542378426,
        0.020080143585801125
    ],
    "binary_accuracy": [
        0.9504619836807251,
        0.9663427472114563,
        0.9664922952651978,
        0.9664939045906067,
        0.9664947390556335,
        0.9664844274520874,
        0.966489851474762,
        0.966494083404541,
        0.9664945602416992,
        0.9664658904075623,
        0.9664908647537231,
        0.9664984941482544,
        0.9665037989616394,
        0.9665021300315857,
        0.9665012955665588,
        0.973471462726593,
        0.9728338718414307,
        0.9752787947654724,
        0.9749693274497986,
        0.9776179194450378,
        0.9757289290428162,
        0.979555070400238,
        0.9801347851753235,
        0.9808457493782043,
        0.9816827178001404,
        0.9830806851387024,
        0.9857156872749329,
        0.9869634509086609,
        0.9891218543052673,
        0.9886703491210938,
        0.9903273582458496,
        0.9910836815834045,
        0.9911631345748901,
        0.9911655187606812,
        0.9887813329696655,
        0.986604630947113,
        0.9908381104469299,
        0.9923745393753052,
        0.9929541349411011,
        0.9931415319442749,
        0.9936025142669678,
        0.9932529330253601
    ],
    "val_loss": [
        0.2687763273715973,
        0.12781654298305511,
        0.08601312339305878,
        0.0850011482834816,
        0.09004949778318405,
        0.12310796976089478,
        0.09205501526594162,
        0.08324728161096573,
        0.0872490257024765,
        0.10547145456075668,
        0.08526017516851425,
        0.08580494672060013,
        0.07858283072710037,
        0.08105224370956421,
        0.07934468239545822,
        0.07596279680728912,
        0.09089300781488419,
        0.08535101264715195,
        0.07504629343748093,
        0.08120398223400116,
        0.06753696501255035,
        0.08182741701602936,
        0.0700359046459198,
        0.09184076637029648,
        0.0773923471570015,
        0.06109818443655968,
        0.056332215666770935,
        0.08118624985218048,
        0.11091405153274536,
        0.0581524558365345,
        0.06224396079778671,
        0.047980230301618576,
        0.05120840668678284,
        0.0679052472114563,
        0.05394203960895538,
        0.1320710927248001,
        0.04897157475352287,
        0.049698423594236374,
        0.056149158626794815,
        0.07116657495498657,
        0.06620132178068161,
        0.06169722601771355
    ],
    "val_binary_accuracy": [
        0.9679825305938721,
        0.9680115580558777,
        0.9680045247077942,
        0.9680094122886658,
        0.9680115580558777,
        0.9680116772651672,
        0.9680100679397583,
        0.9679450392723083,
        0.9680116772651672,
        0.9680116772651672,
        0.9680091142654419,
        0.9680082201957703,
        0.9680113196372986,
        0.9680189490318298,
        0.9680112600326538,
        0.9773596525192261,
        0.9763730764389038,
        0.9766844511032104,
        0.9771025776863098,
        0.9779439568519592,
        0.9787132143974304,
        0.9790281653404236,
        0.9793888926506042,
        0.9792750477790833,
        0.9794585704803467,
        0.9807496070861816,
        0.9815906286239624,
        0.9805865287780762,
        0.980135440826416,
        0.9829840064048767,
        0.9832616448402405,
        0.9849871397018433,
        0.9830686450004578,
        0.98211270570755,
        0.9818792343139648,
        0.9771997332572937,
        0.9850320816040039,
        0.984046459197998,
        0.9835683703422546,
        0.9828786253929138,
        0.9832715392112732,
        0.9848334789276123
    ]
}